date,proba,signal_bin,exposition,ret_bh,ret_bin,ret_dyn,cumul_bh,cumul_bin,cumul_dyn
2024-01-31,0.6745913904047964,1,1.0,0.012493688211609788,0.012493688211609788,0.012493688211609788,1.0124936882116098,1.0124936882116098,1.0124936882116098
2024-02-01,0.8195349926968213,1,1.0,0.01068444607751462,0.01068444607751462,0.01068444607751462,1.0233116224271306,1.0233116224271306,1.0233116224271306
2024-02-02,0.8793928326709022,1,1.0,-0.0031863375266721894,-0.0031863375266721894,-0.0031863375266721894,1.0200510062031112,1.0200510062031112,1.0200510062031112
2024-02-05,0.8426393168222535,1,1.0,0.0023104108269635937,0.0023104108269635937,0.0023104108269635937,1.0224077430918979,1.0224077430918979,1.0224077430918979
2024-02-06,0.7677845331330801,1,1.0,0.008241457963390042,0.008241457963390042,0.008241457963390042,1.0308338735280342,1.0308338735280342,1.0308338735280342
2024-02-07,0.881547231711526,1,1.0,0.0005705832608251526,0.0005705832608251526,0.0005705832608251526,1.031422050080961,1.031422050080961,1.031422050080961
2024-02-08,0.8369753165713283,1,1.0,0.0057423415255595245,0.0057423415255595245,0.0057423415255595245,1.0373448277495185,1.0373448277495185,1.0373448277495185
2024-02-09,0.9050340384379968,1,1.0,-0.0009489536011326738,-0.0009489536011326738,-0.0009489536011326738,1.0363604356396092,1.0363604356396092,1.0363604356396092
2024-02-12,0.7040231651423874,1,1.0,-0.013674255653625456,-0.013674255653625456,-0.013674255653625456,1.0221889780933706,1.0221889780933706,1.0221889780933706
2024-02-13,0.6336115196626445,1,0.8,0.009579763275017639,0.009579763275017639,0.007663810620014111,1.0319813065258372,1.0319813065258372,1.0300228408393441
2024-02-14,0.7709654287487702,1,1.0,0.005821250684729495,0.005821250684729495,0.005821250684729495,1.0379887284130787,1.0379887284130787,1.036018862006867
2024-02-15,0.8319396495011857,1,1.0,-0.0048034698371121065,-0.0048034698371121065,-0.0048034698371121065,1.033002780864884,1.033002780864884,1.0310423766525378
2024-02-16,0.6770163070227364,1,1.0,-0.006005322001165325,-0.006005322001165325,-0.006005322001165325,1.0267992665376913,1.0267992665376913,1.0248506351838926
2024-02-20,0.5948802012078263,0,0.6,0.001264199922982101,0.0,0.0007585199537892606,1.0280973460913663,1.0267992665376913,1.0256280048403332
2024-02-21,0.6247805033302509,1,0.8,0.02112288421741404,0.02112288421741404,0.01689830737393123,1.0498137272970849,1.0484882285592927,1.042959382117437
2024-02-22,0.906665072767503,1,1.0,0.0003479475462115911,0.0003479475462115911,0.0003479475462115911,1.050179007407477,1.0488530474656517,1.043322277275243
2024-02-23,0.8986404984881515,1,1.0,-0.003786751350190576,-0.003786751350190576,-0.003786751350190576,1.046202240633235,1.0448813017720096,1.0393714752330871
2024-02-26,0.8546551679800519,1,1.0,0.0017063496993998672,0.0017063496993998672,0.0017063496993998672,1.0479874275120509,1.0466642346671968,1.041145006437416
2024-02-27,0.830013265853897,1,1.0,-0.001658155060430544,-0.001658155060430544,-0.001658155060430544,1.046249701855854,1.0449287030699117,1.0394186265763496
2024-02-28,0.728543498459452,1,1.0,0.005229094697149161,0.005229094697149161,0.005229094697149161,1.0517206406237225,1.0503927342100334,1.044853845004698
2024-02-29,0.7927615819164089,1,1.0,0.00800782894888763,0.00800782894888763,0.00800782894888763,1.0601426396158518,1.0588040995547419,1.0532208558720833
2024-03-01,0.948444880240318,1,1.0,-0.0011932620709189656,-0.0011932620709189656,-0.0011932620709189656,1.0588776116142342,1.0575406687822098,1.0519640873724703
2024-03-04,0.91406842010725,1,1.0,-0.010193100883444606,-0.010193100883444606,-0.010193100883444606,1.0480843652958294,1.0467610500569673,1.041241311304122
2024-03-05,0.6109140711669243,1,0.8,0.005141103203274655,0.005141103203274655,0.004112882562619724,1.053472675183554,1.0521425566444782,1.045523814536864
2024-03-06,0.7951613196876837,1,1.0,0.010304127925951478,0.010304127925951478,0.010304127925951478,1.0643277923951395,1.0629839681444806,1.0562970256714805
2024-03-07,0.8656088901275809,1,1.0,-0.0065285190034379825,-0.0065285190034379825,-0.0065285190034379825,1.0573793081766008,1.0560442571080995,1.0494009704661094
2024-03-08,0.6779806335156023,1,1.0,-0.001122238087346461,-0.001122238087346461,-0.001122238087346461,1.056192676844193,1.0548591240208494,1.048223292728154
2024-03-11,0.7171583864746526,1,1.0,0.011201787981366396,0.011201787981366396,0.011201787981366396,1.0680239232776734,1.0666754322783407,1.0599652678104245
2024-03-12,0.8540692888351931,1,1.0,-0.0019245297153407392,-0.0019245297153407392,-0.0019245297153407392,1.0659684795006308,1.0646225837122971,1.0579253331552942
2024-03-13,0.7783621869436836,1,1.0,-0.0028710915621273925,-0.0028710915621273925,-0.0028710915621273925,1.0629079863936428,1.0615659547953504,1.0548879326579113
2024-03-14,0.6690118083869266,1,1.0,-0.006482917484461503,-0.006482917484461503,-0.006482917484461503,1.0560172416242777,1.0546839103060985,1.0480491812351358
2024-03-15,0.7334452217607479,1,1.0,0.006318059504952345,0.006318059504952345,0.006318059504952345,1.0626892213951156,1.0613474660103284,1.054670818326296
2024-03-18,0.6948317984336257,1,1.0,0.0056491496501236416,0.0056491496501236416,0.0056491496501236416,1.06869251183835,1.0673431766766002,1.0606288116106397
2024-03-19,0.8010133823395176,1,1.0,0.008904173912846591,0.008904173912846591,0.008904173912846591,1.0782083358231154,1.0768469859464187,1.0700728350061965
2024-03-20,0.9562369751194121,1,1.0,0.0032365354015160275,0.0032365354015160275,0.0032365354015160275,1.0816979952722166,1.08033223933845,1.0735361636188947
2024-03-21,0.9451528396443447,1,1.0,-0.0014021878490156903,-0.0014021878490156903,-0.0014021878490156903,1.080181251486941,1.0788174105995498,1.0720308642547893
2024-03-22,0.7755005728805485,1,1.0,-0.0030549644525015296,-0.0030549644525015296,-0.0030549644525015296,1.0768813361613898,1.0755216617594285,1.0687558480725066
2024-03-25,0.6983057518014493,1,1.0,-0.002799795225030266,-0.002799795225030266,-0.002799795225030266,1.073866288938481,1.0725104213464178,1.06576355055235
2024-03-26,0.6715266266781696,1,1.0,0.008630626525532925,0.008630626525532925,0.008630626525532925,1.083134427816669,1.0817668582378006,1.0749617577216932
2024-03-27,0.7289588390601806,1,1.0,0.0011164855071790214,0.0011164855071790214,0.0011164855071790214,1.084343731707653,1.0829746352571696,1.076161936944961
2024-03-28,0.7215433408846876,1,1.0,-0.0020135845401164643,-0.0020135845401164643,-0.0020135845401164643,1.0821603139333142,1.0807939742742776,1.073994993906067
2024-04-01,0.6473847252042375,1,0.8,-0.0072390590731691296,-0.0072390590731691296,-0.005791247258535304,1.0743264914941117,1.0729700428485809,1.0677752233419278
2024-04-02,0.6248540024863455,1,0.8,0.001091122364688113,0.001091122364688113,0.0008728978917504904,1.075498713155958,1.0741407844589734,1.0687072820832464
2024-04-03,0.5465987534400166,0,0.4,-0.012334336350379616,-0.0,-0.004933734540151846,1.0622331502834919,1.0741407844589734,1.0634345640523204
2024-04-04,0.47211978249600417,0,0.3,0.011099194174331695,0.0,0.0033297582522995085,1.0740230822769004,1.0741407844589734,1.0669755440677542
2024-04-05,0.47547574416049865,0,0.3,-0.00037463099831791524,-0.0,-0.00011238929949537457,1.0736207199373704,1.0741407844589734,1.0668556274337777
2024-04-08,0.45166512517078905,0,0.3,0.0014454931932483817,0.0,0.0004336479579745145,1.0751726313801704,1.0741407844589734,1.0673182671980679
2024-04-09,0.45015564272389286,0,0.3,-0.009456980649108493,-0.0,-0.002837094194732548,1.0650047446107571,1.0741407844589734,1.0642901847382682
2024-04-10,0.32401201766746796,-1,0.0,0.007444797710585593,-0.007444797710585593,0.0,1.072933489495198,1.0661440236059867,1.0642901847382682
2024-04-11,0.4254684659313895,0,0.0,-0.01455068829580164,-0.0,-0.0,1.0573215687274267,1.0661440236059867,1.0642901847382682
2024-04-12,0.24099259756605118,-1,0.0,-0.01202135494776202,0.01202135494776202,-0.0,1.0446111308558297,1.0789605193391896,1.0642901847382682
2024-04-15,0.3265906909203762,-1,0.0,-0.0020565070133361507,0.0020565070133361507,-0.0,1.0424628807390157,1.0811794092143237,1.0642901847382682
2024-04-16,0.28629258661250895,-1,0.0,-0.005780602724641426,0.005780602724641426,-0.0,1.0364368169702782,1.087429277853054,1.0642901847382682
2024-04-17,0.28295388429877766,-1,0.0,-0.002208160119998248,0.002208160119998248,-0.0,1.0341481985241465,1.0898304958177276,1.0642901847382682
2024-04-18,0.39300670289902445,-1,0.0,-0.00875854812743615,0.00875854812743615,-0.0,1.0250905617564714,1.0993758286660948,1.0642901847382682
2024-04-19,0.39556628999460397,-1,0.0,0.008731248071466746,-0.008731248071466746,0.0,1.0340408817468862,1.0897769055822368,1.0642901847382682
2024-04-22,0.46369843166517594,0,0.3,0.011964576270872662,0.0,0.0035893728812617983,1.0464127427437473,1.0897769055822368,1.0681103190651609
2024-04-23,0.48639697196267867,0,0.3,0.0002130100613548791,0.0,6.390301840646373e-05,1.0466356391862817,1.0897769055822368,1.0681785745385401
2024-04-24,0.3516905968962333,-1,0.0,-0.004576430353515626,0.004576430353515626,-0.0,1.0418457840780384,1.0947641936915038,1.0681785745385401
2024-04-25,0.3649106814048221,-1,0.0,0.01020914263474304,-0.01020914263474304,0.0,1.0524821362910968,1.0835875898866978,1.0681785745385401
2024-04-26,0.4288164356465081,0,0.0,0.0031784486665891176,0.0,0.0,1.0558273967338,1.0835875898866978,1.0681785745385401
2024-04-29,0.5979367559140975,0,0.6,-0.01573051358686217,-0.0,-0.009438308152117303,1.0392186895240978,1.0835875898866978,1.058096775990556
2024-04-30,0.518187793795195,0,0.4,-0.0034354388154940185,-0.0,-0.0013741755261976075,1.0356485173003198,1.0835875898866978,1.0566427652966413
2024-05-01,0.5196093728521372,0,0.4,0.009128437077573048,0.0,0.0036513748310292196,1.0451023696249777,1.0835875898866978,1.0605009640952345
2024-05-02,0.5850037802270387,0,0.6,0.012556739721478527,0.0,0.007534043832887116,1.058225448062659,1.0835875898866978,1.068490824843547
2024-05-03,0.666412534462725,1,1.0,0.01032612390701182,0.01032612390701182,0.01032612390701182,1.069152815160907,1.094776849603968,1.0795241934943867
2024-05-06,0.7809843781225478,1,1.0,0.0013434298232750663,0.0013434298232750663,0.0013434298232750663,1.0705891469384328,1.096247605473557,1.080974458490874
2024-05-07,0.836816338826984,1,1.0,-5.835618166138978e-06,-5.835618166138978e-06,-5.835618166138978e-06,1.0705828993889583,1.096241208191116,1.080968150336687
2024-05-08,0.8074624627431588,1,1.0,0.005090947698625836,0.005090947698625836,0.005090947698625836,1.0760331809367907,1.1018221148470952,1.0864713026539314
2024-05-09,0.891389260843129,1,1.0,0.001649398844549843,0.001649398844549843,0.001649398844549843,1.077807988822125,1.1036394589702234,1.0882633271651654
2024-05-10,0.9126713507322146,1,1.0,-0.00024130405535727206,-0.00024130405535727206,-0.00024130405535727206,1.0775479093835258,1.1033731462931216,1.0880007248110237
2024-05-13,0.7490290286329487,1,1.0,0.004837813139759728,0.004837813139759728,0.004837813139759728,1.0827608848182622,1.1087110593983165,1.0932642690135825
2024-05-14,0.9438180417179237,1,1.0,0.011715927882596233,0.011715927882596233,0.011715927882596233,1.095446433258889,1.121700638212864,1.106072874345965
2024-05-15,0.8981580018127402,1,1.0,-0.0020816677921287052,-0.0020816677921287052,-0.0020816677921287052,1.0931660777007717,1.1193656301218862,1.1037703980676916
2024-05-16,0.7480278608885484,1,1.0,0.0011647735102702228,0.0011647735102702228,0.0011647735102702228,1.0944393685904035,1.120669437556159,1.1050560405887813
2024-05-17,0.7523240094744531,1,1.0,0.0009163899374069473,0.0009163899374069473,0.0009163899374069473,1.0954423018148818,1.121696407751895,1.1060687028246476
2024-05-20,0.723671592213976,1,1.0,0.002501874243978186,0.002501874243978186,0.002501874243978186,1.0981829606955567,1.1245027511040122,1.108835947624315
2024-05-21,0.7089480939659616,1,1.0,-0.002706123039226127,-0.002706123039226127,-0.002706123039226127,1.095211142484333,1.1214597083015765,1.1058353011197268
2024-05-22,0.5887469359261117,0,0.6,-0.0073807894850155265,-0.0,-0.004428473691009315,1.0871276196000128,1.1214597083015765,1.1009381385821289
2024-05-23,0.6365403265132559,1,0.8,0.0070010425881694704,0.0070010425881694704,0.005600834070535576,1.0947386463636077,1.1293110954803118,1.1071043104182516
2024-05-24,0.5576672980050607,0,0.6,0.0002488018529340774,0.0,0.00014928111176044643,1.0950110193673015,1.1293110954803118,1.1072695801805457
2024-05-28,0.5571704963538952,0,0.6,-0.007367046509680453,-0.0,-0.004420227905808272,1.0869440222590099,1.1293110954803118,1.1023751962829789
2024-05-29,0.6357585143865792,1,0.8,-0.005975035585443322,-0.005975035585443322,-0.004780028468354658,1.0804494930466273,1.1225634214977809,1.097105811461938
2024-05-30,0.6632795263948721,1,1.0,0.00802787620486467,0.00802787620486467,0.00802787620486467,1.0891232078224145,1.1315752216776744,1.1059132410999921
2024-05-31,0.825654833325181,1,1.0,0.0011160825806737495,0.0011160825806737495,0.0011160825806737495,1.0903387592628726,1.132838153071311,1.1071475316041202
2024-06-03,0.738259564616869,1,1.0,0.0015028090913065117,0.0015028090913065117,0.0015028090913065117,1.0919773302628968,1.1345405925467253,1.1088113629800325
2024-06-04,0.8406521796020867,1,1.0,0.011847649793331305,0.011847649793331305,0.011847649793331305,1.1049146952541085,1.1479822321635376,1.1219481716954862
2024-06-05,0.9793206423039547,1,1.0,-0.00019981663563317653,-0.00019981663563317653,-0.00019981663563317653,1.1046939149170412,1.14775284621614,1.1217239877864633
2024-06-06,0.8317870485734478,1,1.0,-0.0011152197300303701,-0.0011152197300303701,-0.0011152197300303701,1.103461938467481,1.1464728495968413,1.1204730190636356
2024-06-07,0.7336940180617028,1,1.0,0.0025808546645145203,0.0025808546645145203,0.0025808546645145203,1.1063098133584892,1.1494317293984626,1.1233647970813487
2024-06-10,0.7881861889587041,1,1.0,0.0027103813151374556,0.0027103813151374556,0.0027103813151374556,1.1093083348053692,1.1525471276808503,1.126409544037441
2024-06-11,0.9178644863604825,1,1.0,0.008503672791998707,0.008503672791998707,0.008503672791998707,1.118741529909991,1.1623480113320062,1.1359881622297199
2024-06-12,0.9009154487686188,1,1.0,0.0023446558536817097,0.0023446558536817097,0.0023446558536817097,1.1213645937868513,1.165073317400791,1.138651663524005
2024-06-13,0.9241014232678136,1,1.0,-0.000393860697500914,-0.000393860697500914,-0.000393860697500914,1.1209229323457897,1.16461444081136,1.1382031933855987
2024-06-14,0.8146704173435669,1,1.0,0.007664386564552705,0.007664386564552705,0.007664386564552705,1.1295141190083597,1.1735404960843985,1.1469268226487144
2024-06-17,0.9215062648839237,1,1.0,0.0025213273947457537,0.0025213273947457537,0.0025213273947457537,1.1323619938993676,1.1764993758860196,1.1498186006664273
2024-06-18,0.9220982128949187,1,1.0,-0.0025259318472709014,-0.0025259318472709014,-0.0025259318472709014,1.1295017246763381,1.1735276186441748,1.1469142372444194
2024-06-20,0.7284687903809979,1,1.0,-0.001562130321101196,-0.001562130321101196,-0.001562130321101196,1.1277372957844851,1.171694415568441,1.1451226077387173
2024-06-21,0.8766969275513726,1,1.0,-0.003065171894990004,-0.003065171894990004,-0.003065171894990004,1.1242805871205144,1.168102970776324,1.141612610105159
2024-06-24,0.7845942118020792,1,1.0,0.003933590015736899,0.003933590015736899,0.003933590015736899,1.1287030460128984,1.1726978089595224,1.146103246070108
2024-06-25,0.735857952263088,1,1.0,0.0015724312002203256,0.0015724312002203256,0.0015724312002203256,1.1304778538982327,1.1745417955827604,1.1479054145729024
2024-06-26,0.7523012397738401,1,1.0,0.0009073212238914774,0.0009073212238914774,0.0009073212238914774,1.131503560448214,1.1756074822822402,1.1489469335185643
2024-06-27,0.7331347147179618,1,1.0,-0.004083652583445674,-0.004083652583445674,-0.004083652583445674,1.1268828930104116,1.1708067097501003,1.1442550334052592
2024-06-28,0.7007200970301607,1,1.0,0.0026755639309195,0.0026755639309195,0.0026755639309195,1.1298979402333205,1.1739392779527862,1.1473165609004115
2024-07-01,0.6558296485061236,1,1.0,0.006195317856513505,0.006195317856513505,0.006195317856513505,1.1368980171184857,1.1812122049239497,1.1544245516772313
2024-07-02,0.6967994696315788,1,1.0,0.005084444409779065,0.005084444409779065,0.005084444409779065,1.1426785118861127,1.187218012716038,1.1602941591355183
2024-07-03,0.8423908808233307,1,1.0,0.005448765178485582,0.005448765178485582,0.005448765178485582,1.1489046987718814,1.193686884882996,1.166616329546616
2024-07-05,0.853370727814388,1,1.0,0.0010166989647510949,0.0010166989647510949,0.0010166989647510949,1.1500727889897204,1.1949005051030934,1.1678024271611278
2024-07-08,0.8752455514519797,1,1.0,0.0007410719362856977,0.0007410719362856977,0.0007410719362856977,1.1509250756583265,1.1957860123340789,1.1686678527670233
2024-07-09,0.8191435382804004,1,1.0,0.010208065293514812,0.010208065293514812,0.010208065293514812,1.16267379397859,1.2079926740250568,1.1805976905145008
2024-07-10,0.8442154875952511,1,1.0,-0.008763028841120457,-0.008763028841120457,-0.008763028841120457,1.1524852499891407,1.197406999382713,1.170252078902762
2024-07-11,0.7158250846400491,1,1.0,0.0055170270744306915,0.0055170270744306915,0.0055170270744306915,1.158843542316213,1.2040131262174203,1.1767083913059773
2024-07-12,0.7698048914190798,1,1.0,0.0028262026252154904,0.0028262026252154904,0.0028262026252154904,1.162118668977721,1.2074159112755298,1.1800340076505993
2024-07-15,0.7007760119758628,1,1.0,0.006389375498743188,0.006389375498743188,0.006389375498743188,1.1695438815279193,1.2151305449158263,1.1875736880267658
2024-07-16,0.7888937160791165,1,1.0,-0.013927543241993745,-0.013927543241993745,-0.013927543241993745,1.1532550085445301,1.1982067617068437,1.171033704133719
2024-07-17,0.6136745472567746,1,0.8,-0.007816403936922511,-0.007816403936922511,-0.00625312314953801,1.144240701555467,1.1888410936573912,1.1637110861695112
2024-07-18,0.5325614296564084,0,0.4,-0.007140265531926926,-0.0,-0.0028561062127707704,1.1360705191139226,1.1888410936573912,1.1603874037064323
2024-07-19,0.4703128486028347,0,0.3,0.01079203564940956,0.0,0.003237610694822868,1.1483310326564433,1.1888410936573912,1.16414428637481
2024-07-22,0.5035880595040855,0,0.4,-0.001558102589770738,-0.0,-0.0006232410359082952,1.1465418151005473,1.1888410936573912,1.163418743883823
2024-07-23,0.40755806232856806,0,0.0,-0.02314909375473495,-0.0,-0.0,1.1200004111290607,1.1888410936573912,1.163418743883823
2024-07-24,0.48579280302818656,0,0.3,-0.005142620237842288,-0.0,-0.0015427860713526863,1.1142406743483968,1.1888410936573912,1.1616238376506085
2024-07-25,0.4079495643103315,0,0.0,0.011090468702846357,0.0,0.0,1.1265981256746962,1.1888410936573912,1.1616238376506085
2024-07-26,0.46357486824368976,0,0.3,0.0008133101292933098,0.0,0.00024399303878799294,1.1275143993419503,1.1888410936573912,1.1619072657806855
2024-07-29,0.3184799654029262,-1,0.0,-0.004960171878030217,0.004960171878030217,-0.0,1.1219217341262602,1.1947379498175972,1.1619072657806855
2024-07-30,0.4139749807028637,0,0.0,0.0157933986591674,0.0,0.0,1.1396406913377006,1.1947379498175972,1.1619072657806855
2024-07-31,0.5278954634697053,0,0.4,-0.013693502993456064,-0.0,-0.005477401197382426,1.1240350181194034,1.1947379498175972,1.155543033531851
2024-08-01,0.3082703429973445,-1,0.0,-0.002249076429064023,0.002249076429064023,-0.0,1.1215069774547086,1.19742500677944,1.155543033531851
2024-08-13,0.647113098386338,1,0.8,0.0038237284285767004,0.0038237284285767004,0.0030589827428613606,1.1257953155672493,1.2020036348189513,1.1590778197300586
2024-08-14,0.6165078481909817,1,0.8,0.016133247764330783,0.016133247764330783,0.012906598211464627,1.1439580503252187,1.2213958572731116,1.174037571445135
2024-08-15,0.6537134606733939,1,1.0,0.001989779357261412,0.001989779357261412,0.001989779357261412,1.1462342744393288,1.2238261655369582,1.176373647169446
2024-08-16,0.6666381669815982,1,1.0,0.009722284736913167,0.009722284736913167,0.009722284736913167,1.1573782904306371,1.2357245519867932,1.1878106867242284
2024-08-19,0.6803396161274288,1,1.0,-0.0019845553982971165,-0.0019845553982971165,-0.0019845553982971165,1.1550814090964912,1.2332721881563395,1.1854534106137349
2024-08-20,0.6887499425505134,1,1.0,0.004239676828782013,0.004239676828782013,0.004239676828782013,1.1599785809819945,1.2385008636760473,1.1904793499703146
2024-08-21,0.6775549432790742,1,1.0,-0.008932805548120926,-0.008932805548120926,-0.008932805548120926,1.1496167178780972,1.2274375762896492,1.1798450294279763
2024-08-22,0.6253292068891765,1,0.8,0.01148337085011919,0.01148337085011919,0.009186696680095353,1.1628181929849881,1.2415326971735547,1.1906839078428493
2024-08-23,0.7448948043227963,1,1.0,-0.0031537266931381813,-0.0031537266931381813,-0.0031537266931381813,1.1591509822105046,1.2376172423660747,1.1869288162195952
2024-08-26,0.5114567150565056,0,0.4,0.0015951960865450143,0.0,0.0006380784346180058,1.1610000553210416,1.2376172423660747,1.1876861699006518
2024-08-27,0.6361649663020552,1,0.8,-0.00597597320797616,-0.00597597320797616,-0.004780778566380928,1.1540619500959841,1.2302212748839658,1.1820081053160036
2024-08-28,0.5725249308481122,0,0.6,-3.937906806072977e-05,-0.0,-2.3627440836437862e-05,1.154016504211905,1.2302212748839658,1.1819801774894272
2024-08-29,0.5844572504613166,0,0.6,0.010093051774424433,0.0,0.0060558310646546595,1.1656640525374562,1.2302212748839658,1.1891380497660735
2024-08-30,0.6653050969315248,1,1.0,-0.02566917155309556,-0.02566917155309556,-0.02566917155309556,1.1357424219995957,1.1986425139307013,1.1586138611663146
2024-09-05,0.5660790608274182,0,0.6,-0.00588005448326423,-0.0,-0.0035280326899585377,1.1290641946792837,1.1986425139307013,1.154526233589081
2024-09-09,0.5516131525211402,0,0.6,0.004472672652839682,0.0,0.0026836035917038093,1.134114129226126,1.1986425139307013,1.1576245243362568
2024-09-10,0.5146081995934203,0,0.4,0.010665025888896507,0.0,0.004266010355558603,1.146209485775286,1.1986425139307013,1.1625629625449239
2024-09-11,0.5472671181671515,0,0.4,0.007495302358939249,0.0,0.0029981209435756997,1.1548006724378561,1.1986425139307013,1.1660484669111553
2024-09-12,0.636553773182474,1,0.8,0.005407711405364557,0.005407711405364557,0.004326169124291646,1.161045501205121,1.2051244267242391,1.171092989786134
2024-09-13,0.6530109688021195,1,1.0,0.0012566297656613212,0.0012566297656613212,0.0012566297656613212,1.1625045055412226,1.2066388219501865,1.1725646200954565
2024-09-16,0.6527946220055002,1,1.0,0.00026455008109871336,0.00026455008109871336,0.00026455008109871336,1.1628120462024412,1.2069580383483902,1.1728748221607963
2024-09-17,0.6674672568781537,1,1.0,-0.002896455862498093,-0.002896455862498093,-0.002896455862498093,1.1594440124342347,1.2034621376624268,1.1694776420061723
2024-09-18,0.5961692284199034,0,0.6,0.01697685316676334,0.0,0.010186111900058003,1.1791277231884136,1.2034621376624268,1.181390072132263
2024-09-19,0.7899018302718493,1,1.0,-0.0019410273951238066,-0.0019410273951238066,-0.0019410273951238066,1.176839003975355,1.2011261846842298,1.179096961637927
2024-09-20,0.7365342155771257,1,1.0,0.0028092730585327352,0.0028092730585327352,0.0028092730585327352,1.1801450660834534,1.2045004761147615,1.1824093669656541
2024-09-23,0.848341769016083,1,1.0,0.0025111788443470395,0.0025111788443470395,0.0025111788443470395,1.1831086214066626,1.207525192228387,1.185378608353336
2024-09-24,0.7758697195543851,1,1.0,-0.0018612489301417234,-0.0018612489301417234,-0.0018612489301417234,1.180906561750828,1.2052776872562327,1.1831723236867255
2024-09-25,0.7382399652649088,1,1.0,0.00403867571712313,0.00403867571712313,0.00403867571712313,1.1856758604059625,1.210145412984145,1.1879507730195713
2024-09-26,0.7439935190968614,1,1.0,-0.0012532169669905446,-0.0012532169669905446,-0.0012532169669905446,1.1841899513003507,1.2086288382200674,1.1864620129548737
2024-09-27,0.6821093200002769,1,1.0,0.004236552581176722,0.004236552581176722,0.004236552581176722,1.1892068342951356,1.2137492578443132,1.1914885216583257
2024-09-30,0.6924561924245617,1,1.0,-0.009324107094664358,-0.009324107094664358,-0.009324107094664358,1.1781185424144611,1.2024321297781035,1.1803789550803203
2024-10-01,0.572661536467443,0,0.6,0.00013839090212397487,0.0,8.303454127438492e-05,1.1782815833023548,1.2024321297781035,1.1804769673053852
2024-10-02,0.6156198656670874,1,0.8,0.007273753204657396,0.007273753204657396,0.005819002563725917,1.186852112744889,1.2111783243354601,1.1873461658045545
2024-10-04,0.6553667794866803,1,1.0,0.01891478920659373,0.01891478920659373,0.01891478920659373,1.209301170276859,1.2340875070318609,1.209804568246005
2024-10-14,0.8841882769949125,1,1.0,-0.002965926179485656,-0.002965926179485656,-0.002965926179485656,1.2057144722770523,1.230427294586979,1.2062163772049828
2024-10-16,0.7758744668834638,1,1.0,-0.00017116047891174713,-0.00017116047891174713,-0.00017116047891174713,1.2055081016105464,1.2302166940619714,1.2060099206321893
2024-10-17,0.7265107318729052,1,1.0,0.00397155273894878,0.00397155273894878,0.00397155273894878,1.2102958406133228,1.2351025645427738,1.2107996526356755
2024-10-18,0.7498164163666795,1,1.0,-0.0018227694906369774,-0.0018227694906369774,-0.0018227694906369774,1.208089750280408,1.2328512572703176,1.2085926439695773
2024-10-21,0.6879581387076263,1,1.0,-0.0004748538883844189,-0.0004748538883844189,-0.0004748538883844189,1.20751608416497,1.232265833057003,1.2080187390531156
2024-10-22,0.7497950856910989,1,1.0,-0.009191323428069387,-0.009191323428069387,-0.009191323428069387,1.1964174132908139,1.2209396792360168,1.19691544811531
2024-10-23,0.5612767211989448,0,0.6,0.002145772011323821,0.0,0.0012874632067942926,1.1989846522901138,1.2209396792360168,1.198456432716402
2024-10-24,0.4739442098845119,0,0.3,0.0023512023648510905,0.0,0.0007053607094553271,1.2018037078399983,1.2209396792360168,1.1993017767960341
2024-10-28,0.43234581332391087,0,0.0,0.001614127248163344,0.0,0.0,1.2037435719517666,1.2209396792360168,1.1993017767960341
2024-10-29,0.4267101751074325,0,0.0,0.016478902243630023,0.0,0.0,1.223579944600358,1.2209396792360168,1.1993017767960341
2024-11-06,0.7317253488671509,1,1.0,0.007431229727488331,0.007431229727488331,0.007431229727488331,1.2326726482586305,1.2300127624758255,1.2082140638119905
2024-11-07,0.6826224046083602,1,1.0,0.0037568333092317108,0.0037568333092317108,0.0037568333092317108,1.2373035939229875,1.2346337153926747,1.2127531226516015
2024-11-08,0.6051917101954745,1,0.8,0.0009690634297987444,0.0009690634297987444,0.0007752507438389955,1.238502619587417,1.2358301537754584,1.2136933104120302
2024-11-11,0.6176662319540172,1,0.8,-0.00289265965137242,-0.00289265965137242,-0.002314127721097936,1.2349200530316173,1.2322553177536828,1.2108846690774946
2024-11-12,0.48337188941543946,0,0.3,0.00023222772482434095,0.0,6.966831744730229e-05,1.2352068357058728,1.2322553177536828,1.210969029375012
2024-11-13,0.5364105015811785,0,0.4,-0.006049734794859041,-0.0,-0.0024198939179436163,1.2277341619330553,1.2322553177536828,1.2080386127860092
2024-11-14,0.4738742394158858,0,0.3,-0.013203489851361216,-0.0,-0.003961046955408365,1.2115237863858028,1.2322553177536828,1.2032535151168176
2024-11-15,0.6854675339842087,1,1.0,0.003917814394541086,0.003917814394541086,0.003917814394541086,1.216270311715434,1.237083065375328,1.2079676390586245
2024-11-18,0.6683284080152213,1,1.0,0.003963584828470035,0.003963584828470035,0.003963584828470035,1.221091102270268,1.2419863490448069,1.21275552126608
2024-11-19,0.6649722326532215,1,1.0,2.195086225209586e-05,2.195086225209586e-05,2.195086225209586e-05,1.2211179062728512,1.2420136117160738,1.212782142295473
2024-11-20,0.6089064560894752,1,0.8,0.0053404615405816536,0.0053404615405816536,0.004272369232465323,1.227639239487817,1.2486465376423224,1.2179635954058996
2024-11-21,0.6502752020362992,1,1.0,0.003467959094991535,0.003467959094991535,0.003467959094991535,1.2318966421537674,1.2529767927589688,1.2221874433339561
2024-11-22,0.6615477184033172,1,1.0,0.003020480305938378,0.003020480305938378,0.003020480305938378,1.2356175617003444,1.2567613844852952,1.2258790364367116
2024-11-25,0.7262182542108021,1,1.0,0.005722005647630368,0.005722005647630368,0.005722005647630368,1.2426877723667051,1.2639525802250438,1.2328935232065141
2024-11-26,0.8445428805586559,1,1.0,-0.003801238017440034,-0.003801238017440034,-0.003801238017440034,1.237964020362577,1.2591479956248508,1.228207001474646
2024-11-27,0.6119755455164195,1,0.8,0.005607785488815242,0.005607785488815242,0.004486228391052194,1.2449062570316416,1.2662090274829867,1.2337170185947508
2024-11-29,0.6821456437355966,1,1.0,0.0024484564662998753,0.0024484564662998753,0.0024484564662998753,1.247954355806608,1.2693092851640146,1.2367377210065134
2024-12-02,0.6388388625178754,1,0.8,0.0004514491145146682,0.0004514491145146682,0.00036115929161173455,1.2485177436954915,1.2698823137168471,1.2371843803257416
2024-12-03,0.6656092898125574,1,1.0,0.006051417924264779,0.006051417924264779,0.006051417924264779,1.256073046348453,1.2775669023117802,1.2446711000604653
2024-12-04,0.797535971930546,1,1.0,-0.0018697756269248078,-0.0018697756269248078,-0.0018697756269248078,1.2537244715807536,1.2751781388560717,1.2423438443740347
2024-12-05,0.6853942154187109,1,1.0,0.0024954538421815275,0.0024954538421815275,0.0024954538421815275,1.2568530831303968,1.278360287042146,1.2454440560937885
2024-12-06,0.7375018369661513,1,1.0,-0.006144213927296471,-0.006144213927296471,-0.006144213927296471,1.2491307089124615,1.270505767962399,1.2377917813786685
2024-12-09,0.6354403739063004,1,0.8,-0.002963883313944371,-0.002963883313944371,-0.002371106651155497,1.2454284312473802,1.2667401371164653,1.234856845053096
2024-12-10,0.590093671190462,0,0.6,0.008165786048233592,0.0,0.004899471628940155,1.2555983333553336,1.2667401371164653,1.240906991131236
2024-12-11,0.6867811831324747,1,1.0,-0.005414022527810203,-0.005414022527810203,-0.005414022527810203,1.2488004956926668,1.2598819774772354,1.2341886927263344
2024-12-12,0.5545654470018807,0,0.6,-2.6466639124200775e-05,-0.0,-1.5879983474520465e-05,1.2487674441406091,1.2598819774772354,1.2341690938302894
2024-12-13,0.5064720784984267,0,0.4,0.0037993543260221863,0.0,0.0015197417304088747,1.2535119541317004,1.2598819774772354,1.2360447121045643
2024-12-16,0.5070702631811621,0,0.4,-0.003863994965801476,-0.0,-0.0015455979863205904,1.2486683902513636,1.2598819774772354,1.2341342838865332
2024-12-17,0.4284678253796924,0,0.0,-0.01979300737133527,-0.0,-0.0,1.223953487598765,1.2598819774772354,1.2341342838865332
2024-12-20,0.5106403383089021,0,0.4,0.007287273468533639,0.0,0.0029149093874134557,1.2328727713756626,1.2598819774772354,1.237731673495963
2024-12-23,0.38030643631366723,-1,0.0,0.01104275925539211,-0.01104275925539211,0.0,1.2464870885824921,1.2459694041097469,1.237731673495963
2024-12-24,0.43486450281048417,0,0.0,-0.00040565878647391695,-0.0,-0.0,1.2459814401427824,1.2459694041097469,1.237731673495963
2024-12-26,0.3945110286710436,-1,0.0,-0.011055736101235558,0.011055736101235558,-0.0,1.2322061981535264,1.259744513031798,1.237731673495963
2024-12-27,0.24749732278459097,-1,0.0,-0.010701995701766776,0.010701995701766776,-0.0,1.2190191327171969,1.2732262933955887,1.237731673495963
2024-12-30,0.28262292779782505,-1,0.0,-0.004284800394927402,0.004284800394927402,-0.0,1.2137958790559062,1.278681813920362,1.237731673495963
2024-12-31,0.2843814628457934,-1,0.0,-0.0022238866412221947,0.0022238866412221947,-0.0,1.2110965346153033,1.281525457324713,1.237731673495963
2025-01-02,0.30507874170110755,-1,0.0,0.01259602672149196,-0.01259602672149196,0.0,1.226351538927624,1.2653833284199787,1.237731673495963
2025-01-03,0.34544843749343646,-1,0.0,0.005538045085450305,-0.005538045085450305,0.0,1.2331431290408166,1.2583755784968116,1.237731673495963
2025-01-06,0.4011775173830111,0,0.0,-0.01110391288210788,-0.0,-0.0,1.2194504151647774,1.2583755784968116,1.237731673495963
2025-01-07,0.28101051169899605,-1,0.0,0.001560360190925314,-0.001560360190925314,0.0,1.2213531970474079,1.2564120593388926,1.237731673495963
2025-01-08,0.3710460485061434,-1,0.0,-0.01541164380306681,0.01541164380306681,-0.0,1.2025301366167764,1.2757754344673011,1.237731673495963
2025-01-10,0.4617999146494043,0,0.3,0.0015754440882007614,0.0,0.0004726332264602284,1.2044246556113927,1.2757754344673011,1.2383166666102994
2025-01-13,0.4712276527576917,0,0.3,0.0011462798112440442,0.0,0.0003438839433732133,1.2058052632782845,1.2757754344673011,1.238742503828758
2025-01-14,0.48031830555993854,0,0.3,0.018312792279639112,0.0,0.005493837683891734,1.2278869245943953,1.2757754344673011,1.245547954076931
2025-01-15,0.6059154967504069,1,0.8,-0.0021126894641922966,-0.0021126894641922966,-0.0016901515713538375,1.2252927808255853,1.2730801171482267,1.2434427892451512
2025-01-16,0.5979619250479521,0,0.6,0.009991058969353706,0.0,0.0059946353816122235,1.2375347532535372,1.2730801171482267,1.2508967753845708
2025-01-17,0.66446454713039,1,1.0,0.008768227105582893,0.008768227105582893,0.008768227105582893,1.2483857390211157,1.2842427727389845,1.261864922396784
2025-01-21,0.7074618212406686,1,1.0,0.006137941522227575,0.006137941522227575,0.006137941522227575,1.25604825768441,1.2921253797783998,1.2696101754994056
2025-01-22,0.7913033390194462,1,1.0,0.00531348622041139,0.00531348622041139,0.00531348622041139,1.262722252793788,1.2989910701788963,1.2763562316722157
2025-01-23,0.7768039224290327,1,1.0,-0.002855132319398823,-0.002855132319398823,-0.002855132319398823,1.2591170136794123,1.2952822787918181,1.2727120657441022
2025-01-24,0.7283075558259082,1,1.0,-0.014580715690809543,-0.014580715690809543,-0.014580715690809543,1.2407581864814916,1.2763961361454108,1.2541550129572245
2025-01-27,0.614657405347548,1,0.8,0.009217869449967608,0.009217869449967608,0.007374295559974087,1.2521953334634566,1.2881617890948422,1.2634035227007943
2025-01-28,0.6657411192930982,1,1.0,-0.004678895760321544,-0.004678895760321544,-0.004678895760321544,1.24633644202662,1.2821346143612382,1.2574921893148543
2025-01-29,0.6781086345565284,1,1.0,0.005275414405311762,0.005275414405311762,0.005275414405311762,1.2529113832467522,1.2888984057753883,1.2641259817249328
2025-01-30,0.7561937313218675,1,1.0,-0.005046825754019935,-0.005046825754019935,-0.005046825754019935,1.2465881578102778,1.2823935601068057,1.2577461581640377
2025-01-31,0.7098959079540315,1,1.0,-0.007608597684666707,-0.007608597684666707,-0.007608597684666707,1.2371033700390295,1.2726363434345456,1.2481764736571324
2025-02-03,0.6628648418481695,1,1.0,0.007224881828679752,0.007224881828679752,0.007224881828679752,1.246041295697423,1.2818309906267433,1.2571944011806433
2025-02-04,0.6975955372962602,1,1.0,0.003908672930614365,0.003908672930614365,0.003908672930614365,1.250911663580343,1.2868412487214287,1.262108362905058
2025-02-05,0.6608294470212943,1,1.0,0.003644298722618622,0.003644298722618622,0.003644298722618622,1.2554703593580376,1.291530882640357,1.2667078627997992
2025-02-06,0.6769168012019187,1,1.0,-0.009464770111542897,-0.009464770111542897,-0.009464770111542897,1.2435876210248578,1.279306839744208,1.2547187640799153
2025-02-07,0.596836103359041,0,0.6,0.006712541085862833,0.0,0.004027524651517699,1.2519352540248576,1.279306839744208,1.259772174832969
2025-02-10,0.7215128584043151,1,1.0,0.00033958278885926063,0.00033958278885926063,0.00033958278885926063,1.2523603896898905,1.279741270328655,1.2601999717814263
2025-02-11,0.6502002660829085,1,1.0,-0.0027238667143857365,-0.0027238667143857365,-0.0027238667143857365,1.248949126909999,1.276255425679381,1.256767355024821
2025-02-12,0.633901727753792,1,0.8,0.010426292122230674,0.010426292122230674,0.00834103369778454,1.2619710353529676,1.289562037570096,1.2672500938833586
2025-02-13,0.6628284439650515,1,1.0,-7.194380749464546e-05,-7.194380749464546e-05,-7.194380749464546e-05,1.2618802443517363,1.2894692615671126,1.2671589230865568
2025-02-14,0.674108803591057,1,1.0,0.0024449877750611915,0.0024449877750611915,0.0024449877750611915,1.2649655261227675,1.2926219981479614,1.2702571111625631
2025-02-18,0.6750291206893033,1,1.0,0.0023769693899173827,0.0023769693899173827,0.0023769693899173827,1.2679723104576621,1.295694521070293,1.2732764734331214
2025-02-19,0.6932789508608153,1,1.0,-0.0043341850761716705,-0.0043341850761716705,-0.0043341850761716705,1.2624766837926775,1.2900787412137928,1.267757857544127
2025-02-20,0.6470975717829157,1,0.8,-0.01706412670256352,-0.01706412670256352,-0.013651301362050818,1.240933621701407,1.268064674117437,1.2504513129766843
2025-02-21,0.4611632389503921,0,0.3,-0.00496910650440241,-0.0,-0.0014907319513207228,1.2347672903702789,1.268064674117437,1.248587225250859
2025-02-24,0.3518584488715626,-1,0.0,-0.004679730915472358,0.004679730915472358,-0.0,1.228988911708119,1.273998875575723,1.248587225250859
2025-02-25,0.28902477138604077,-1,0.0,0.00013602428004699796,-0.00013602428004699796,0.0,1.2291560840400197,1.273825580795892,1.248587225250859
2025-02-26,0.1719179620337653,-1,0.0,-0.00026192794874513314,0.00026192794874513314,-0.0,1.2288341337082396,1.2741592313173289,1.248587225250859
2025-02-28,0.37480536675389015,-1,0.0,-0.0468905803908809,0.0468905803908809,-0.0,1.1712133879745348,1.3339052971841971,1.248587225250859
2025-03-19,0.5504270122121111,0,0.6,-0.0021848931523151816,-0.0,-0.0013109358913891088,1.1686544118632494,1.3339052971841971,1.2469504074437476
2025-03-20,0.5603521641752967,0,0.6,0.0008246534476661349,0.0,0.0004947920685996809,1.1696181467531226,1.3339052971841971,1.2475673886152878
2025-03-21,0.5274478048904809,0,0.4,0.017646000146633645,0.0,0.007058400058653458,1.1902572287422335,1.3339052971841971,1.2563732183442642
2025-03-24,0.6240817182304452,1,0.8,0.0015743334544251475,0.0015743334544251475,0.0012594667635401182,1.1921310905168137,1.336005308918589,1.2579555786553707
2025-03-25,0.44261395887356014,0,0.3,-0.011156934922627149,-0.0,-0.0033470804767881447,1.1788305615206771,1.336005308918589,1.2537451000973865
2025-03-26,0.3391493717153622,-1,0.0,-0.003306980860763864,0.003306980860763864,-0.0,1.1749321914156448,1.3404234529050618,1.2537451000973865
2025-03-27,0.3828512428848348,-1,0.0,0.026501258715877274,-0.026501258715877274,0.0,1.2060693733939634,1.3049005441907953,1.2537451000973865
2025-05-12,0.6545367588474058,1,1.0,0.0072482009835321826,0.0072482009835321826,0.0072482009835321826,1.2148112066124055,1.3143587255986107,1.262832496565011
2025-05-13,0.6412153441581698,1,0.8,0.001024415597859818,0.001024415597859818,0.0008195324782878544,1.2160556781609142,1.315705175178297,1.2638674288105833
2025-05-14,0.6206437268003254,1,0.8,0.004132332074135769,0.004132332074135769,0.003305865659308616,1.2210808240437134,1.3211421058737929,1.2680456047414068
2025-05-15,0.6321293691616358,1,0.8,0.007005272294898557,0.007005272294898557,0.005604217835918846,1.2296348277102187,1.3303970660656945,1.275152008536257
2025-05-16,0.6292904919751537,1,0.8,0.0008761131291423752,0.0008761131291423752,0.0007008905033139001,1.2307121269268264,1.3315626444022473,1.276045750469322
2025-05-19,0.630705466249792,1,0.8,-0.0038802294486252054,-0.0038802294486252054,-0.0031041835589001644,1.2259366814891448,1.3263958758167484,1.2720846702303106
2025-05-20,0.6207445821180668,1,0.8,-0.0031849254097175983,-0.0031849254097175983,-0.002547940327774079,1.222032164601565,1.322171403888515,1.2688434743986876
2025-05-27,0.5997119956327455,0,0.6,-0.005571225417268844,-0.0,-0.0033427352503613062,1.2152239479454168,1.322171403888515,1.2646020665896243
2025-05-28,0.5716218598837227,0,0.6,0.004011194261904327,0.0,0.002406716557142596,1.2200984472723442,1.322171403888515,1.2676456053214824
2025-05-29,0.5890240827650318,0,0.6,-8.118516130162234e-05,-0.0,-4.871109678097341e-05,1.2199993933830986,1.322171403888515,1.2675838569137177
2025-05-30,0.5777771503987021,0,0.6,0.0041020419271569075,0.0,0.0024612251562941443,1.225003882045862,1.322171403888515,1.270703666190066
2025-06-02,0.6386450000838129,1,0.8,0.005800290454605506,0.005800290454605506,0.004640232363684405,1.2321092603697472,1.329840382061842,1.2766000264665736
2025-06-03,0.6111405519781237,1,0.8,7.36874595066439e-05,7.36874595066439e-05,5.894996760531513e-05,1.2322000513709785,1.3299383746211455,1.2766752819967788
2025-06-04,0.6832552714892954,1,1.0,-0.005277383403094138,-0.005277383403094138,-0.005277383403094138,1.2256972592705817,1.322919779915782,1.2699377770524285
2025-06-05,0.5328103243208645,0,0.4,0.010280683010067904,0.0,0.004112273204027162,1.2382982642594516,1.322919779915782,1.2751601081437829
2025-06-06,0.6505556640712842,1,1.0,0.0009199480792858594,0.0009199480792858594,0.0009199480792858594,1.23943743436924,1.3241367974263647,1.2763331892360517
2025-06-09,0.6794099655192853,1,1.0,0.00548298940767844,0.00548298940767844,0.00548298940767844,1.2462332566933667,1.3313970254609706,1.2833313105933013
2025-06-10,0.8174393954025764,1,1.0,-0.002743888954607865,-0.002743888954607865,-0.002743888954607865,1.2428137310254608,1.3277438198686105,1.2798099919850618
2025-06-11,0.6069409851700244,1,0.8,0.0038224199557175265,0.0038224199557175265,0.0030579359645740213,1.2475642870321721,1.3328190143417569,1.283723568987374
2025-06-12,0.6198346952709061,1,0.8,-0.002009823037355307,-0.002009823037355307,-0.0016078584298842458,1.2450569035875132,1.3301402839821077,1.2816595232253367
2025-06-16,0.6019970289003673,1,0.8,-0.0013160611336739958,-0.0013160611336739958,-0.0010528489069391966,1.2434183325874892,1.3283897380520249,1.2803101293972408
2025-06-23,0.5365671854138864,0,0.4,0.01112172017970181,0.0,0.004448688071880725,1.2572472833488386,1.3283897380520249,1.2860058297981984
2025-06-24,0.6514272171676281,1,1.0,-3.2861029504172024e-06,-3.2861029504172024e-06,-3.2861029504172024e-06,1.2572431519048315,1.3283853728265873,1.286001603850647
2025-06-25,0.6498111581751522,1,0.8,0.008020121275230219,0.008020121275230219,0.0064160970201841755,1.2673263944555608,1.3390391846168985,1.294252714909065
2025-06-26,0.7159793035662064,1,1.0,0.005218970885222163,0.005218970885222163,0.005218970885222163,1.273940534010298,1.3460275911355857,1.301007382146295
2025-06-27,0.8192235593914569,1,1.0,0.005164427424532603,0.005164427424532603,0.005164427424532603,1.2805197074413646,1.3529790529414238,1.3077263403501709
2025-06-30,0.8120431583039749,1,1.0,-0.001118531087121899,-0.001118531087121899,-0.001118531087121899,1.2790874063409192,1.351465703810484,1.3062636077850411
2025-07-01,0.8424341747696265,1,1.0,0.004745096791088033,0.004745096791088033,0.004745096791088033,1.2851567998882687,1.3578785393849007,1.312461955038657
2025-07-02,0.884866680982316,1,1.0,0.008338955206607324,0.008338955206607324,0.008338955206607324,1.2958736648760039,1.3692018277008446,1.3234065164921005
2025-07-03,0.8371733995973263,1,1.0,-0.007862297279128794,-0.007862297279128794,-0.007862297279128794,1.2856851208865545,1.3584367558963342,1.3130015010383034
2025-07-07,0.6526306709332201,1,1.0,-0.0007158868810946961,-0.0007158868810946961,-0.0007158868810946961,1.2847647157752933,1.357464268843991,1.3120615404888525
2025-07-08,0.6824115573825704,1,1.0,0.0060621034026635545,0.0060621034026635545,0.0060621034026635545,1.2925530923304167,1.3656933576071444,1.320015393217954
2025-07-09,0.7374886985780551,1,1.0,0.0027462050044453346,0.0027462050044453346,0.0027462050044453346,1.2961027081010859,1.3694438315403428,1.323640426096754
2025-07-10,0.7729001587429565,1,1.0,-0.0032975229626984737,-0.0032975229626984737,-0.0032975229626984737,1.2918287796591068,1.3649280590597128,1.319275691397344
2025-07-11,0.6380791295011844,1,0.8,0.001407413809457303,0.001407413809457303,0.0011259310475658425,1.2936469173230534,1.3668490776589493,1.320761104858587
2025-07-14,0.6317582088951624,1,0.8,-0.003956298214731202,-0.003956298214731202,-0.0031650385717849616,1.2885288643335557,1.3614414150932002,1.3165808450175962
2025-07-15,0.6290822175056308,1,0.8,0.003193657417327689,0.003193657417327689,0.0025549259338621512,1.2926439840985755,1.3657893925667697,1.319944611562558
2025-07-16,0.619672310331081,1,0.8,0.00537376740890938,0.00537376740890938,0.004299013927127504,1.2995903522116472,1.373128827091979,1.3256190718307024
2025-07-17,0.694620749570254,1,1.0,-9.048620868445933e-05,-9.048620868445933e-05,-9.048620868445933e-05,1.2994727572078326,1.37300457787038,1.3254991215867327
2025-07-18,0.738903182326053,1,1.0,0.001399134882868358,0.001399134882868358,0.001399134882868358,1.3012908948717792,1.3749255964696165,1.327353673644956
2025-07-21,0.7456300159448244,1,1.0,0.0006375316336257875,0.0006375316336257875,0.0006375316336257875,1.302120508981809,1.3758021550312478,1.328199903600914
2025-07-22,0.7187454834136306,1,1.0,0.007811886951519131,0.007811886951519131,0.007811886951519131,1.3122925271952295,1.3865497659340082,1.338575651096863
2025-07-23,0.9323440047398251,1,1.0,0.0006982236416543941,0.0006982236416543941,0.0006982236416543941,1.3132088008624836,1.3875178877609138,1.3395102762626017
2025-07-24,0.9385872742569747,1,1.0,0.00397432777929585,0.00397432777929585,0.00397432777929585,1.318427923079767,1.393032338646512,1.3448339291642044
2025-07-25,0.9073487468136133,1,1.0,0.00017685810881817865,0.00017685810881817865,0.00017685810881817865,1.318661097748856,1.3932787077114477,1.345071773949591
2025-07-28,0.8639700562314675,1,1.0,-0.002959442388724254,-0.002959442388724254,-0.002959442388724254,1.3147585961998163,1.3891553796445395,1.3410911115258881
2025-07-29,0.6774833128296073,1,1.0,-0.0012494327466496813,-0.0012494327466496813,-0.0012494327466496813,1.313115893755785,1.387419723423027,1.3394155083749069
2025-07-30,0.7291374525872855,1,1.0,-0.0036948193411530106,-0.0036948193411530106,-0.0036948193411530106,1.3082641677543607,1.3822934581946265,1.334466610048723
2025-07-31,0.6014493718322906,1,0.8,-0.0014907104798240756,-0.0014907104798240756,-0.0011925683838592605,1.306313924649111,1.3802328588503034,1.332875167360263
2025-08-04,0.5637621642171172,0,0.6,-0.004857865996303334,-0.0,-0.0029147195977820006,1.2999680266540605,1.3802328588503034,1.328990209988561
2025-08-05,0.4092693102784742,0,0.0,0.007281907295092482,0.0,0.0,1.3094342733107398,1.3802328588503034,1.328990209988561
2025-08-06,0.5393108282048742,0,0.4,-0.0007974800154801898,-0.0,-0.0003189920061920759,1.3083900256461896,1.3802328588503034,1.3285662727352672
2025-08-07,0.4546924881727812,0,0.3,0.007799715348974834,0.0,0.00233991460469245,1.3185950954116676,1.3802328588503034,1.3316750043601424
2025-08-08,0.6744666736443791,1,1.0,-0.0025041278217863283,-0.0025041278217863283,-0.0025041278217863283,1.3152931647475763,1.3767765793479128,1.3283403199321469
2025-08-11,0.5894357216589539,0,0.6,0.01134543584661274,0.0,0.006807261507967643,1.330215738967708,1.3767765793479128,1.3373826798615025
2025-08-12,0.8883650446200482,1,1.0,0.0032300788824048965,0.0032300788824048965,0.0032300788824048965,1.3345124407351903,1.3812236763026542,1.3417025314134172
2025-08-13,0.765666285294536,1,1.0,0.00030309080129242716,0.00030309080129242716,0.00030309080129242716,1.3349169191801875,1.381642312493469,1.3421091891087593
2025-08-14,0.7295933517853281,1,1.0,-0.0028971350972291088,-0.0028971350972291088,-0.0028971350972291088,1.3310494845217455,1.3776395080581274,1.3382209174726787
2025-08-15,0.6089057225475314,1,0.8,-0.00010076318078544588,-0.00010076318078544588,-8.061054462835671e-05,1.3309153637419022,1.3775006927193199,1.3381130427556882
2025-08-18,0.6655677979046491,1,1.0,-0.005858103118756786,-0.005858103118756786,-0.005858103118756786,1.3231187242987645,1.3694311516152111,1.330274238566672
2025-08-19,0.6055347124025434,1,0.8,-0.0024316693228262354,-0.0024316693228262354,-0.0019453354582609885,1.3199013370864303,1.3661011478941059,1.327686408921177
2025-08-20,0.7094755713887793,1,1.0,-0.004004181529308926,-0.004004181529308926,-0.004004181529308926,1.3146162125319587,1.3606310309105405,1.3223701115258604
2025-08-21,0.38669327079448984,-1,0.0,0.015186444876893468,-0.015186444876893468,0.0,1.3345805591778457,1.3399678827618269,1.3223701115258604
2025-08-22,0.7142262679999163,1,1.0,-0.004266385548063467,-0.004266385548063467,-0.004266385548063467,1.328886723967443,1.3342510631519426,1.3167283707928554
2025-08-25,0.639179754399898,1,0.8,0.004133995191134998,0.004133995191134998,0.003307196152907999,1.3343803352938874,1.3397668506307796,1.3210830497951664
2025-08-26,0.8004806931216022,1,1.0,0.0023909843081744153,0.0023909843081744153,0.0023909843081744153,1.3375708177367116,1.34297021214725,1.324241738637022
2025-08-27,0.6935985143693669,1,1.0,0.0031567194195349924,0.0031567194195349924,0.0031567194195349924,1.3417931535120644,1.3472095922957923,1.3284219982495362
2025-08-28,0.7540184657960665,1,1.0,-0.00639818429357164,-0.00639818429357164,-0.00639818429357164,1.3332081136320415,1.3385898970422163,1.319922509485101
2025-08-29,0.6080929502312353,1,0.8,-0.006922279936861564,-0.006922279936861564,-0.005537823949489252,1.3239792738553853,1.3293238030542354,1.3126130110006045
2025-09-02,0.5596958841890183,0,0.6,0.0051000736279842585,0.0,0.003060044176790555,1.330731665633973,1.3293238030542354,1.3166296648012963
2025-09-03,0.6577839304936766,1,1.0,0.008346486409699372,0.008346486409699372,0.008346486409699372,1.3418385993961435,1.3404189861105174,1.3276188964051674
2025-09-04,0.7098755919984772,1,1.0,-0.003165152978388819,-0.003165152978388819,-0.003165152978388819,1.3375914749567477,1.3361763549643406,1.3234167795010452
2025-09-05,0.7226823481649911,1,1.0,0.0021059789159529885,0.0021059789159529885,0.0021059789159529885,1.340408414401165,1.3389903141958905,1.3262038673356928
2025-09-08,0.7431861347466513,1,1.0,0.0026881536531127015,0.0026881536531127015,0.0026881536531127015,1.3440116381770004,1.3425897259004786,1.3297689071064436
2025-09-09,0.6928401128263124,1,1.0,0.002983469943562689,0.002983469943562689,0.002983469943562689,1.3480214565033,1.3465953019942387,1.3337362326726798
2025-09-10,0.7468078124685158,1,1.0,0.008485890387959882,0.008485890387959882,0.008485890387959882,1.359460618823805,1.3580223621239036,1.3450541721495908
2025-09-11,0.9185398422200013,1,1.0,-0.00048276131466740146,-0.00048276131466740146,-0.00048276131466740146,1.358804323828223,1.357366761463017,1.344404832029145
2025-09-12,0.8353109601673233,1,1.0,0.004706619226962694,0.004706619226962694,0.004706619226962694,1.365199698384433,1.363755369960559,1.350732433660395
2025-09-15,0.8571727075265203,1,1.0,-0.0012879303382402618,-0.0012879303382402618,-0.0012879303382402618,1.3634414162751272,1.3619989480456487,1.3489927843802387
2025-09-16,0.7028695812303847,1,1.0,-0.0009701681605103207,-0.0009701681605103207,-0.0009701681605103207,1.362118648824336,1.3606775800316062,1.3476840345320749
2025-09-17,0.7604946064664881,1,1.0,0.004789119185128365,0.004789119185128365,0.004789119185128365,1.3686419973778416,1.3671940271349097,1.3541382539973437
2025-09-18,0.8748883502651665,1,1.0,0.004885418870829605,0.004885418870829605,0.004885418870829605,1.3753283868192412,1.3738733426351601,1.3607537865771346
2025-09-19,0.9344355810334685,1,1.0,0.004410046474333074,0.004410046474333074,0.004410046474333074,1.3813936489225835,1.3799321879260285,1.3667547740160646
2025-09-22,0.8952637114219322,1,1.0,-0.005502159197012135,-0.005502159197012135,-0.005502159197012135,1.37379300115247,1.372339581346978,1.3592346716661519
2025-09-23,0.6757090298427327,1,1.0,-0.002846617843333288,-0.002846617843333288,-0.002846617843333288,1.369882337482343,1.3684330550076031,1.3553654499965098
2025-09-24,0.6942309656865566,1,1.0,-0.0050090613431266195,-0.0050090613431266195,-0.0050090613431266195,1.3630205128210282,1.3615784898911079,1.3485763413151228
2025-09-25,0.6432104946424859,1,0.8,0.005901836747171263,0.005901836747171263,0.004721469397737011,1.3710648373707435,1.369614303856905,1.3549436032411544
2025-09-26,0.7302649847195359,1,1.0,0.00263554421636214,0.00263554421636214,0.00263554421636214,1.3746783393731334,1.373223982914082,1.3585146170181734
2025-09-29,0.6825920243489476,1,1.0,0.0040908483833717035,0.0040908483833717035,0.0040908483833717035,1.3803019400354142,1.3788416340245933,1.3640720943429891
2025-09-30,0.7441040854499685,1,1.0,0.003399920834961989,0.003399920834961989,0.003399920834961989,1.384994857359879,1.3835295864242265,1.3687098314769361
2025-10-01,0.7357644955350625,1,1.0,0.0006183547238911569,0.0006183547238911569,0.0006183547238911569,1.3858512754724923,1.384385098479635,1.3695561796668663
2025-10-02,0.6903620502870451,1,1.0,6.551280273581206e-05,6.551280273581206e-05,6.551280273581206e-05,1.3859420664737234,1.3844757934275023,1.3696459031307004
2025-10-03,0.74690263442821,1,1.0,0.0036465919796933033,0.0036465919796933033,0.0036465919796933033,1.390996031697646,1.3895244117518946,1.3746404428960766
2025-10-06,0.8573398848498476,1,1.0,-0.0038114057910215715,-0.0038114057910215715,-0.0038114057910215715,1.3856943813671456,1.3842283703621776,1.36940113035145
2025-10-07,0.6277693638848204,1,0.8,0.0058276636405680815,0.0058276636405680815,0.004662130912454466,1.3937697421303785,1.39229518770638,1.3757854576928115
2025-10-08,0.8340742986586084,1,1.0,-0.002755570407195318,-0.002755570407195318,-0.002755570407195318,1.3899291114745198,1.3884586202890559,1.3719943839989435
2025-10-09,0.6342718683727981,1,0.8,-0.011935907515892463,-0.011935907515892463,-0.009548726012713971,1.3733390461463133,1.371886106607642,1.3588935855351554
2025-10-13,0.5372027686524402,0,0.4,0.01208310272600066,0.0,0.004833241090400265,1.389933242918527,1.371886106607642,1.3654614458502452
2025-10-20,0.6354531309836492,1,0.8,3.2696450934288634e-05,3.2696450934288634e-05,2.615716074743091e-05,1.389978688802606,1.371930962414414,1.3654971624447787
2025-10-21,0.6574565763728639,1,1.0,-0.005337539220865439,-0.005337539220865439,-0.005337539220865439,1.382559623034955,1.3646082270942075,1.3582087677842491
2025-10-22,0.6008665141118207,1,0.8,0.0058273934429324825,0.0058273934429324825,0.004661914754345986,1.3906163419166921,1.372560336128948,1.3645406212782647
2025-10-23,0.6826824774833486,1,1.0,0.00790242258787388,0.00790242258787388,0.00790242258787388,1.401605579908121,1.383406887932393,1.3753237979059254
2025-10-24,0.7381255912113615,1,1.0,0.012290050865671143,0.012290050865671143,0.012290050865671143,1.4188313837788005,1.400409028953002,1.3922265973389572
2025-10-27,0.84160506378762,1,1.0,0.0022879438603986557,0.0022879438603986557,0.0022879438603986557,1.422077590332258,1.403613086192842,1.3954119336346225
2025-10-28,0.7283726900908297,1,1.0,-4.3578255173426506e-05,-4.3578255173426506e-05,-4.3578255173426506e-05,1.42201561867215,1.403551919183607,1.3953511240173064
2025-10-29,0.7149828886553974,1,1.0,-0.00990481243951924,-0.00990481243951924,-0.00990481243951924,1.4079308206831354,1.3896500006749661,1.3815304328466427
2025-10-30,0.642585315871044,1,0.8,0.0026179217059763005,0.0026179217059763005,0.0020943373647810404,1.4116166733391147,1.3932879955754431,1.3844238236527355
2025-10-31,0.6276603469826735,1,0.8,0.0017207127269924793,0.0017207127269924793,0.0013765701815939835,1.4140456601145641,1.3956854439617956,1.3863295802070643
2025-11-03,0.6612010092609294,1,1.0,-0.011736830084583816,-0.011736830084583816,-0.011736830084583816,1.3974492464699564,1.3793045210544892,1.3700584654829415
2025-11-04,0.614926717079208,1,0.8,0.0036535556982648654,0.0036535556982648654,0.0029228445586118924,1.4025549051274326,1.3843438869470304,1.3740629334137584
2025-11-05,0.6497103691056818,1,0.8,-0.011178189042419073,-0.011178189042419073,-0.008942551233935258,1.386876881255546,1.3688694292790193,1.3617753052330546
2025-11-06,0.4800112589434108,0,0.3,0.0012618418007710464,0.0,0.0003785525402313139,1.3886269004768372,1.3688694292790193,1.3622908087340748
2025-11-07,0.45565683499116627,0,0.3,0.01540101862170995,0.0,0.004620305586512985,1.4100131692296884,1.3688694292790193,1.3685850085681242
2025-11-10,0.6214616660260369,1,0.8,0.002075350517340535,0.002075350517340535,0.0016602804138724282,1.4129394407899063,1.3717103131572452,1.3708572434525692
2025-11-11,0.548482086195724,0,0.4,0.0006295171887717999,0.0,0.00025180687550872,1.4138289104545771,1.3717103131572452,1.3712024347318115
2025-11-12,0.5902872631585216,0,0.6,-0.017050273529073845,-0.0,-0.010230164117444306,1.3897227408080142,1.3717103131572452,1.3571748087862658
2025-11-14,0.15774209132785066,-1,0.0,0.004717775649084821,-0.004717775649084821,0.0,1.3962791409135777,1.3652388916442335,1.3571748087862658
2025-11-25,0.49324937783797873,0,0.3,0.006906711511012631,0.0,0.002072013453303789,1.4059228381287123,1.3652388916442335,1.3599868932485562
2025-11-26,0.6209991393501207,1,0.8,0.005354773163420257,0.005354773163420257,0.004283818530736206,1.4134512360121636,1.3725494362228676,1.3658128303034125
2025-11-28,0.613626906556829,1,0.8,-0.005323329342915684,-0.005323329342915684,-0.004258663474332547,1.4059269695727197,1.36524290353442,1.3599962930902245
2025-12-01,0.5757794960226578,0,0.6,0.002457235261999813,0.0,0.0014743411571998875,1.4093816628981504,1.36524290353442,1.3620013915987665
2025-12-02,0.6100174257592205,1,0.8,0.0029797912994984355,0.0029797912994984355,0.0023838330395987485,1.4135813261149268,1.3693110424600738,1.365248175516039
2025-12-03,0.6500244459290614,1,1.0,0.0010803218396737702,0.0010803218396737702,0.0010803218396737702,1.4151084488936838,1.37079033908455,1.3667230829366237
2025-12-04,0.6666019820854614,1,1.0,0.001936641757662061,0.001936641757662061,0.001936641757662061,1.4178490070074317,1.3734450688962208,1.3693699359301994
2025-12-05,0.6655364243033013,1,1.0,-0.003477255626794018,-0.003477255626794018,-0.003477255626794018,1.4129187835698707,1.368669249302309,1.3646082866153235
2025-12-08,0.619555682005843,1,0.8,-0.0008763589340257116,-0.0008763589340257116,-0.0007010871472205694,1.4116805595708364,1.3674698037779567,1.3636515772845867
2025-12-09,0.6069807014868703,1,0.8,0.00674955693920154,0.00674955693920154,0.0053996455513612325,1.4212087778876237,1.3766996190811946,1.3710148124574781
2025-12-10,0.7725814038718045,1,1.0,0.002079350841514227,0.002079350841514227,0.002079350841514227,1.4241639695558916,1.3795622605926434,1.37386563326149
2025-12-11,0.7504402391748799,1,1.0,-0.010663649289958,-0.010663649289958,-0.010663649289958,1.4089771844531531,1.3648510924720219,1.3592152119768635
2025-12-12,0.6210504433893126,1,0.8,-0.0015965630269072495,-0.0015965630269072495,-0.0012772504215257997,1.4067276635746992,1.362672021680547,1.3574791537744217
2025-12-15,0.6352797024331487,1,0.8,-0.0023839179519623555,-0.0023839179519623555,-0.0019071343615698845,1.4033741402439814,1.359423523385426,1.3548902586351437
2025-12-16,0.6331888543991102,1,0.8,-0.011592143912241393,-0.011592143912241393,-0.009273715129793114,1.387106025247555,1.3436648902646557,1.3423253923444296
2025-12-17,0.48493382701505,0,0.3,0.007934262269941872,0.0,0.0023802786809825616,1.3981116882480857,1.3436648902646557,1.3455205008587685
2025-12-18,0.48030819579991507,0,0.3,0.008818059450332205,0.0,0.0026454178350996615,1.4104403202332616,1.3436648902646557,1.3490799647892324
2025-12-19,0.6810886799844672,1,1.0,0.006436496360377575,0.006436496360377575,0.006436496360377575,1.4195186142209728,1.3523133844404114,1.3577633130724567
2025-12-22,0.7081994757942875,1,1.0,0.004550388765703239,0.004550388765703239,0.004550388765703239,1.4259779757758306,1.358466936072679,1.3639416639987456
2025-12-23,0.7429163409882147,1,1.0,0.0032214822012188726,0.0032214822012188726,0.0032214822012188726,1.4305717384441226,1.3628432131281816,1.3683355777928183
2025-12-24,0.6741396465276298,1,1.0,-0.00030436354912266594,-0.00030436354912266594,-0.00030436354912266594,1.4301363245525351,1.3624284133309361,1.3679191063199705
2025-12-26,0.6173325339546994,1,0.8,-0.00349205148036813,-0.00349205148036813,-0.0027936411842945045,1.4251422148832533,1.3576707431732682,1.3640976311677717
2025-12-29,0.6188034851827808,1,0.8,-0.0013756671519022934,-0.0013756671519022934,-0.0011005337215218348,1.4231816935514492,1.355803040128786,1.3625963957252234
2025-12-30,0.6156423937801428,1,0.8,-0.007357666300846111,-0.007357666300846111,-0.005886133040676889,1.4127103975648245,1.3458274937898456,1.3545759720592379
2025-12-31,0.6135973055501105,1,0.8,0.0018947067188299638,0.0018947067188299638,0.001515765375063971,1.4153870694468516,1.3483774421847152,1.3566291914155788
2026-01-02,0.670368168934062,1,1.0,0.006354126864826393,0.006354126864826393,0.006354126864826393,1.4243806184489516,1.356945203514027,1.3652493854063603
2026-01-05,0.8129795294767358,1,1.0,0.006196712678341321,0.006196712678341321,0.006196712678341321,1.4332070958860779,1.3653538030604568,1.3737094435820056
2026-01-06,0.8766620849770698,1,1.0,-0.003439923431013958,-0.003439923431013958,-0.003439923431013958,1.428276973215444,1.3606570905216853,1.3689839882796226
2026-01-07,0.7239529957232111,1,1.0,7.65482590914246e-05,7.65482590914246e-05,7.65482590914246e-05,1.428386305331244,1.360761246453185,1.3690887816206494
2026-01-08,0.7411842562963114,1,1.0,0.006475487031883276,0.006475487031883276,0.006475487031883276,1.437635802327936,1.369572838258082,1.3779542982715307
2026-01-09,0.7239901919299587,1,1.0,0.001577633215136931,0.001577633215136931,0.001577633215136931,1.4399038643209587,1.3717335218582674,1.3801282047414245
2026-01-12,0.7159953527463379,1,1.0,-0.0019391230550597216,-0.0019391230550597216,-0.0019391230550597216,1.4371117135405844,1.3690735617606338,1.3774519663206721
2026-01-13,0.6814699310574355,1,1.0,-0.005333360445499591,-0.005333360445499591,-0.005333360445499591,1.429447078771823,1.3617717989793603,1.3701055184879218
2026-01-14,0.6588088832234446,1,1.0,0.0025799262171273263,0.0025799262171273263,0.0025799262171273263,1.4331349467663426,1.3652850697452918,1.3736402896352997
2026-01-15,0.6764174491966346,1,1.0,-0.0006423023039563436,-0.0006423023039563436,-0.0006423023039563436,1.432214440888154,1.3644081439994373,1.3727579973124597
2026-01-16,0.7251579697593399,1,1.0,-0.009278034269696867,-0.009278034269696867,-0.009278034269696867,1.4189263062240391,1.351749118481557,1.3600215015693944
2026-01-21,0.4247311856972004,0,0.0,0.005487502192628835,0.0,0.0,1.4267126674406223,1.351749118481557,1.3600215015693944
2026-01-22,0.5920079251143727,0,0.6,0.0003268698377891788,0.0,0.00019612190267350726,1.4271790167788003,1.351749118481557,1.3602882315739593
2026-01-23,0.45621249175988354,0,0.3,0.005006083031276365,0.0,0.0015018249093829094,1.4343235934372904,1.351749118481557,1.3623311463240777
2026-01-26,0.6607503024720293,1,1.0,0.004081896177137168,0.004081896177137168,0.004081896177137168,1.4401783534301198,1.3572668180407355,1.3678920406222528
2026-01-27,0.7224420415994002,1,1.0,-8.172305219089626e-05,-8.172305219089626e-05,-8.172305219089626e-05,1.4400606576593782,1.3571558980537277,1.3677802523096254
2026-01-28,0.6728144108860291,1,1.0,-0.001292631274007694,-0.001292631274007694,-0.001292631274007694,1.4381991902168196,1.3554015958961996,1.36601221677952
2026-01-29,0.6916268514738106,1,1.0,-0.004301899620894223,-0.004301899620894223,-0.004301899620894223,1.4320122016656556,1.3495707942846542,1.3601357693420193
2026-01-30,0.625070545813591,1,0.8,0.00539126612916796,0.00539126612916796,0.004313012903334368,1.4397325605450508,1.3568466895967954,1.3660020524654781
2026-02-02,0.6560083552103458,1,1.0,-0.008403983020698336,-0.008403983020698336,-0.008403983020698336,1.4276330725518838,1.3454437730557331,1.3545221944103192
2026-02-03,0.5243893205561412,0,0.4,-0.005072391906223106,-0.0,-0.0020289567624892425,1.4203915581096151,1.3454437730557331,1.3517739274440286
2026-02-04,0.385920522750964,-1,0.0,0.01192836651967033,-0.01192836651967033,0.0,1.4373345092161922,1.3293948265991162,1.3517739274440286
2026-02-09,0.5942775957738057,0,0.6,-0.003303712975458173,-0.0,-0.0019822277852749037,1.432585968548021,1.3293948265991162,1.349094403605639
2026-02-10,0.5756098661823975,0,0.6,-4.895607156218951e-05,-0.0,-2.9373642937313704e-05,1.4325158347668256,1.3293948265991162,1.3490547757883387
2026-02-11,0.5905486066893783,0,0.6,-0.008666774384676112,-0.0,-0.005200064630805667,1.4201005432244256,1.3293948265991162,1.3420396037637423
2026-02-18,0.37752871854962095,-1,0.0,0.004098014301220587,-0.004098014301220587,0.0,1.4259201355597304,1.3239469475877443,1.3420396037637423
2026-02-20,0.5267131077743954,0,0.4,-0.0028135051639935904,-0.0,-0.0011254020655974363,1.4219083018948906,1.3239469475877443,1.3405292696215532
2026-02-24,0.5454025284623701,0,0.4,0.008136355657339944,0.0,0.0032545422629359777,1.4334774535512318,1.3239469475877443,1.344892078784239
2026-02-25,0.6071542236071347,1,0.8,-0.005365580569328343,-0.005365580569328343,-0.004292464455462675,1.425786014779887,1.3168432035709459,1.3391191773396245
2026-02-26,0.533625643642835,0,0.4,-0.00433935281103115,-0.0,-0.00173574112441246,1.419599026228723,1.3168432035709459,1.3367948131130267
2026-02-27,0.3822394987826538,-1,0.0,-0.007882057469555837,0.007882057469555837,-0.0,1.4084096651202627,1.3272226373798859,1.3367948131130267
2026-04-09,0.6567561986948577,1,1.0,-0.0011385210916523558,-0.0011385210916523558,-0.0011385210916523558,1.4068061610108362,1.3257115664139105,1.335272844023086
2026-04-10,0.6323668247271569,1,0.8,0.010173274948748201,0.010173274948748201,0.00813861995899856,1.4211179868863923,1.339198394681775,1.3461401222421612
2026-04-13,0.7127286771022963,1,1.0,0.011782866364792755,0.011782866364792755,0.011782866364792755,1.437862830214478,1.3549779904022552,1.3620015114108264
2026-04-14,0.7485970544788859,1,1.0,0.007975783355387733,0.007975783355387733,0.007975783355387733,1.4493309126430334,1.3657850013050221,1.3728645403955497
2026-04-15,0.6845258452902275,1,1.0,0.0026099558353673835,0.0026099558353673835,0.0026099558353673835,1.4531136023158644,1.3693496398390355,1.376447656213924
2026-04-16,0.6757396610381274,1,1.0,0.012040463669150903,0.012040463669150903,0.012040463669150903,1.4706097638516975,1.3858372444278821,1.3930207242110557
2026-04-17,0.6987604427798316,1,1.0,-0.002374372617670484,-0.002374372617670484,-0.002374372617670484,1.4671179882971292,1.3825467504221647,1.3897131739476414
2026-04-20,0.6463847830278147,1,0.8,-0.006348217959672997,-0.006348217959672997,-0.005078574367738398,1.457804403534862,1.373770042311047,1.3826554122439225
2026-04-21,0.6140643858536353,1,0.8,0.010460084168953943,0.010460084168953943,0.008368067335163154,1.4730531602977084,1.388139792582408,1.3942255658349074
2026-04-22,0.6612459223551532,1,1.0,-0.004132868267081369,-0.004132868267081369,-0.004132868267081369,1.4669652256357901,1.3824027936833712,1.3884634152367148
2026-04-23,0.591579287515686,0,0.6,0.007973689797975636,0.0,0.004784213878785381,1.4786623512894272,1.3824027936833712,1.3951061211780762
2026-04-24,0.6205055277109623,1,0.8,0.0012323767534654362,0.0012323767534654362,0.000985901402772349,1.480484620397381,1.3841064347502323,1.3964815582599621
2026-04-27,0.6392533184306646,1,0.8,-0.004894172187521972,-0.004894172187521972,-0.003915337750017578,1.473238873744178,1.3773323795327075,1.3910138612977034
2026-04-28,0.6415240706801171,1,0.8,-0.0003991720531409948,-0.0003991720531409948,-0.00031933764251279584,1.4726507979581784,1.3767825869389119,1.390569658210534
2026-04-29,0.5390665732142899,0,0.4,0.010238239941821936,0.0,0.004095295976728775,1.4877281501781898,1.3767825869389119,1.3962644525371648
2026-04-30,0.6830019766961906,1,1.0,0.002928328889657106,0.002928328889657106,0.002928328889657106,1.4920847075003127,1.380814259163022,1.4003531740711306
2026-05-01,0.6460484357175001,1,0.8,-0.004062189384334225,-0.004062189384334225,-0.00324975150746738,1.4860235768409775,1.3752051301377126,1.3958023742327061
2026-05-04,0.6401128893547101,1,0.8,0.008120017337603702,0.008120017337603702,0.006496013870082962,1.4980901140490142,1.3863718196371924,1.4048695258156165
2026-05-05,0.674120084645366,1,1.0,0.014588330317794274,0.014588330317794274,0.014588330317794274,1.5199447474785832,1.4065966696853411,1.4253642265116178
2026-05-06,0.7159578327119791,1,1.0,-0.003803095327784889,-0.003803095327784889,-0.003803095327784889,1.5141642527109562,1.401247248462783,1.4199434304813796
2026-05-07,0.6804325699659002,1,1.0,0.008425703533400997,0.008425703533400997,0.008425703533400997,1.5269221518051723,1.4130537423553242,1.431907452860816
